<?xml version="1.0" encoding="UTF-8" standalone="yes"?>
<addon id="plugin.program.aresvikings" name=" [B][COLOR orange]Ares Vikings Wizard[/COLOR][/B]" version="2.10" provider-name="[B][COLOR red]Vikings Team[/COLOR][/B]">
  <requires>
    <import addon="xbmc.python" version="2.25.0"/>
	
	</requires>
  <extension point="xbmc.python.pluginsource" library="default.py">
        <provides>executable</provides>
  </extension>
  <extension point="xbmc.service" library="startup.py" start="startup" />
  <extension point="xbmc.addon.metadata">
    <summary lang="en">Ares Vikings Wizard</summary>
    <description lang="en">.</description>
    <platform>all</platform>
  </extension>
</addon>