<?xml version="1.0" encoding="UTF-8" standalone="yes"?>
<addon id="repository.nucleoderpg" name="NucleoDeRPG Repo" version="1.1" provider-name="JonasWlad">
    <extension point="xbmc.addon.repository" name="Nome Repository">
        <dir>
            <info compressed="false">https://raw.githubusercontent.com/jonaswlad/nucleoderpg/master/zips/addons.xml</info>
            <checksum>https://raw.githubusercontent.com/jonaswlad/nucleoderpg/master/zips/addons.xml.md5</checksum>
            <datadir zip="true">https://raw.githubusercontent.com/jonaswlad/nucleoderpg/master/zips/</datadir>
        </dir>
    </extension>
    <extension point="xbmc.addon.metadata">
        <summary>nucleoderpg Repo</summary>
        <description>addons favoritos</description>
        <disclaimer></disclaimer>
        <platform>all</platform>
        <assets>
            <icon>icon.png</icon>
            <fanart>fanart.jpg</fanart>
        </assets>
    </extension>
</addon>